{
  "recallNumber": "23124",
  "recallDate": "2023-05-15",
  "title": "Product A Recalled Due to Fire Hazard",
  "description": "The product can overheat, posing a fire hazard to consumers.",
  "hazards": [
    {
      "name": "Fire"
    }
  ],
  "remedies": [
    {
      "name": "Refund"
    },
    {
      "name": "Replace"
    }
  ],
  "products": [
    {
      "name": "Product A",
      "numberOfUnits": "10000",
      "type": "Electronic Device"
    }
  ],
  "injuries": [
    {
      "name": "No injuries reported"
    }
  ],
  "manufacturers": [
    {
      "name": "Company XYZ"
    }
  ],
  "retailers": [
    {
      "name": "Major Retailer 1"
    },
    {
      "name": "Online Store A"
    }
  ],
  "manufacturerCountries": [
    {
      "country": "China"
    }
  ],
  "images": [
    {
      "url": "https://www.cpsc.gov/s3fs-public/recall.jpg"
    }
  ],
  "consumerContact": "Contact Company XYZ toll-free at 888-123-4567 from 8 a.m. to 5 p.m. ET Monday through Friday or online at www.companyxyz.com and click on 'Safety Recalls' for more information."
}

