{
  "recallID": 10065,
  "recallNumber": "25009",
  "recallDate": "2024-10-10T00:00:00",
  "description": "The recalled Snuga Swing is an infant swing with a front to back and side-to-side motion. The swing has 90 degrees of rotation, two seat back positions and folds up for storage. The Snuga Swing platform has a total of 21 models, which feature the same design with minor differences in fabric colors and toy accessories. The following chart includes a complete list of Snuga Swing models included in the recall. The model number and name are printed on the underside of the swing motor housing. Product Number/SKU Product Description BGB32 My Little Snugakitty™ Cradle 'n Swing CCF38 My Little Snugabunny™ Swing CHM56 My Little Snugabear Cradle 'n Swing CHM69 My Little Snugabear Ballerina Cradle 'n Swing CHM76 Safari Dreams Cradle 'n Swing CHM78 Moonlight Meadow Swing DRG43 Sweet Snugapuppy™ Swing FKL21 Deluxe Swing- Surreal Serenity™ GJB53 Sweet Snugamonkey Swing GKH44 Blooming Flowers Swing GNG38 Fawn Meadows Deluxe Swing GNG40 Peek-a-boo Fox Swing GVF83 Dots & Spots Puppy Swing HBM23 Snow Leopard Swing HDY10 Hearthstone Swing HGX49 Baby Raccoon Swing V0099 My Little Snugabunny Cradle 'n Swing W9510 My Little Sweetie™ Deluxe Cradle 'n Swing X7051 My Little SnugaMonkey™ Cradle 'n Swing X7345 My Little Snugapuppy™ Cradle 'n Swing X7347 My Little Snugabear Cradle 'n Swing",
  "url": "https://www.cpsc.gov/Recalls/2025/Fisher-Price-Recalls-More-than-2-Million-Snuga-Infant-Swings-Due-to-Suffocation-Hazard-After-5-Deaths-Reported",
  "title": "Fisher-Price Recalls More than 2 Million Snuga Infant Swings Due to Suffocation Hazard After 5 Deaths Reported",
  "consumerContact": "Fisher-Price toll-free at 855-853-6224 from 9 a.m. to 6 p.m. ET Monday through Friday or online at www.service.mattel.com and click \"Recall & Safety Alerts\" or www.service.mattel.com/us/recall.aspx, for more information.",
  "lastPublishDate": "2024-10-10T00:00:00",
  "products": [
    {
      "name": "All Models of Fisher-Price Snuga Swings",
      "description": "",
      "model": "",
      "type": "",
      "categoryID": "",
      "numberOfUnits": "Approximately 2.1 million swings were sold in the United States, about 99,000 swings were sold in Canada and about 500 swings were sold in Mexico"
    }
  ],
  "inconjunctions": [{}, {}],
  "images": [
    {"url": "https://www.cpsc.gov/s3fs-public/Snuga-1.png"},
    {"url": "https://www.cpsc.gov/s3fs-public/Snuga-2.png"},
    {"url": "https://www.cpsc.gov/s3fs-public/Snuga-3.png"},
    {"url": "https://www.cpsc.gov/s3fs-public/Snuga-4.png"},
    {"url": "https://www.cpsc.gov/s3fs-public/Snuga-5.png"},
    {"url": "https://www.cpsc.gov/s3fs-public/Snuga-6.png"},
    {"url": "https://www.cpsc.gov/s3fs-public/Snuga-7.png"},
    {"url": "https://www.cpsc.gov/s3fs-public/Snuga-8.png"}
  ],
  "injuries": [
    {
      "name": "Between 2012 and 2022, there have been reports of five deaths involving infants 1 to 3 months of age when the product was used for sleep. In most of those incidents, the infants were unrestrained and bedding materials were added to the product."
    }
  ],
  "manufacturers": [],
  "manufacturerCountries": [
    {"country": "China"},
    {"country": "Mexico"}
  ],
  "productUPCs": [],
  "hazards": [
    {
      "name": "The swing should never be used for sleep and bedding materials should never be added to it. If the product is used for sleep or bedding material is added, the headrest and body support insert on the seat pad can increase the risk of suffocation.",
      "hazardTypeID": ""
    }
  ],
  "remedies": [
    {
      "name": "Consumers should immediately remove both the headrest (by cutting the tether) and the body support insert from the seat pad before continuing to use the swing. Fisher-Price will provide a $25 refund to consumers who remove and destroy the headrest and body support insert. Instructions can be found at www.service.mattel.com."
    }
  ],
  "retailers": [
    {
      "name": "The Snuga Swings were sold at Amazon, Toys R Us, Walmart/Sams Club, and Target nationwide from October 2010 through January 2024 for about $160.",
      "companyID": ""
    }
  ]
}

