{
  "recallID": 10062,
  "recallNumber": "25006",
  "recallDate": "2024-10-10T00:00:00",
  "description": "This recall involves the Droyd Fury Youth ATV, model number \"XW-A01\", intended for children 6 years and older. The ATVs were sold in three colors: Speed Red, Power Blue and Force Green. The model name \"FURY\" is printed on the front and sides of the ATV. The model number can be found on the identification plate located under the front left fender, which also states, \"This ATV is subject to the Jinling International, Inc. ATV Action Plan filed with and approved by the U.S. Consumer Product Safety Commission.\"",
  "url": "https://www.cpsc.gov/Recalls/2025/Reyhee-Group-and-Jingling-International-Recall-Droyd-Fury-Youth-All-Terrain-Vehicles-ATVs-Due-to-Laceration-Hazard-Violation-of-Federal-Regulations-for-ATVs",
  "title": "Reyhee Group and Jingling International Recall Droyd Fury Youth All-Terrain Vehicles (ATVs) Due to Laceration Hazard; Violation of Federal Regulations for ATVs",
  "consumerContact": "Reyhee Group at 800-333-3729 from 9 a.m. to 5 p.m. PT Monday through Friday, email at support@go-droyd.com, or online at www.droyd.com/pages/safety-recall or www.droyd.com and click \"Safety Recall\" at the top of the page for more information.",
  "lastPublishDate": "2024-10-10T00:00:00",
  "products": [
    {
      "name": "Droyd Fury Youth All-Terrain Vehicles (ATVs)",
      "description": "",
      "model": "",
      "type": "",
      "categoryID": "",
      "numberOfUnits": "About 156"
    }
  ],
  "inconjunctions": [],
  "images": [
    {"url": "https://www.cpsc.gov/s3fs-public/FuryYouth.png"},
    {"url": "https://www.cpsc.gov/s3fs-public/FuryYouth2.png"},
    {"url": "https://www.cpsc.gov/s3fs-public/FuryYouth3.png"}
  ],
  "injuries": [
    {
      "name": "None reported"
    }
  ],
  "manufacturers": [
    {
      "name": "Yongkang Ruihe Metal Products Co. Ltd., of China",
      "companyID": ""
    }
  ],
  "manufacturerCountries": [
    {"country": "China"}
  ],
  "productUPCs": [],
  "hazards": [
    {
      "name": "The recalled youth ATVs fail to comply with the requirements of the federal mandatory ATV regulations. The handlebars pose a laceration hazard if the child rider's body or head impacts the handlebars at a high rate of speed. ATVs that fail to meet the mandatory safety requirements pose a risk of serious injury or death.",
      "hazardTypeID": ""
    }
  ],
  "remedies": [
    {
      "name": "Consumers should immediately stop using the recalled Droyd ATVs and contact Reyhee Group for a free repair kit, consisting of a replacement handlebar cover and new safety warning labels. Reyhee Group is contacting all known purchasers directly."
    }
  ],
  "retailers": [
    {
      "name": "Online at Droyd.com, Amazon.com, Walmart.com, Target.com, Purchasingpower.com, Wellbots.com and Rideextremedirt.com from May 2024 through June 2024 for about $600.",
      "companyID": ""
    }
  ]
}

